VAR;LOC;ID;1:F;1:Fm';1:Temp;1:Y (II);1:Fo';1:qP;1:qN;1:qL;1:NPQ;1:Y (NO);1:Y (NPQ);1:Fo;1:Fm;1:Fv/Fm
CBD_C;a;L1;39;112;9;0.652;16;0.76;-0.011;0.312;-0.009;0.351;-0.003;16;111;0.856
CBD_C;b;L2;41;109;9.3;0.624;27;0.829;0;0.546;0;0.376;0;27;109;0.752
CBD_C;c;L3;37;95;9.3;0.611;26;0.841;0.042;0.591;0.032;0.378;0.011;26;98;0.735
CBD_C;d;L4;42;118;9;0.644;20;0.776;-0.043;0.37;-0.034;0.368;-0.012;20;114;0.825
CBD_P;a;L5;42;113;10.4;0.628;22;0.78;-0.152;0.409;-0.115;0.42;-0.048;21;100;0.79
CBD_P;b;L6;42;107;10.4;0.607;19;0.739;0;0.334;0;0.393;0;19;107;0.822
CBD_P;c;L7;38;107;9.8;0.645;17;0.767;-0.011;0.343;-0.009;0.358;-0.003;17;106;0.84
CBD_P;d;L8;39;94;10;0.585;20;0.743;0;0.381;0;0.415;0;20;94;0.787
CBD_V;a;L9;52;164;9.2;0.683;28;0.824;-0.015;0.444;-0.012;0.321;-0.004;28;162;0.827
CBD_V;b;L10;43;128;9.2;0.664;25;0.825;-0.01;0.48;-0.008;0.339;-0.003;25;127;0.803
CBD_V;c;L11;36;98;9;0.633;21;0.805;0.025;0.47;0.02;0.36;0.007;21;100;0.79
CBD_V;d;L12;48;136;9;0.647;27;0.807;0;0.454;0;0.353;0;27;136;0.801
CBD_C;a;L13;108;348;8.8;0.69;59;0.83;0.003;0.453;0.003;0.309;0.001;59;349;0.831
CBD_C;b;L14;88;299;9;0.706;56;0.868;0.016;0.552;0.013;0.29;0.004;56;303;0.815
CBD_C;c;L15;93;291;9;0.68;53;0.832;0.029;0.474;0.024;0.312;0.008;53;298;0.822
CBD_C;d;L16;107;336;9;0.682;62;0.836;-0.004;0.484;-0.003;0.319;-0.001;62;335;0.815
CBD_P;a;L17;94;289;8.8;0.675;53;0.826;0.017;0.466;0.014;0.321;0.004;53;293;0.819
CBD_P;b;L18;108;327;8.8;0.67;56;0.808;0.022;0.419;0.018;0.324;0.006;56;333;0.832
CBD_P;c;L19;114;360;8.6;0.683;63;0.828;0;0.458;0;0.317;0;63;360;0.825
CBD_P;d;L20;89;288;8.8;0.691;53;0.847;0.008;0.504;0.007;0.307;0.002;53;290;0.817
CBD_V;a;L21;93;290;8.6;0.679;49;0.817;0;0.43;0;0.321;0;49;290;0.831
CBD_V;b;L22;102;329;8.6;0.69;56;0.832;0.004;0.457;0.003;0.309;0.001;56;330;0.83
CBD_V;c;L23;98;321;8.6;0.695;52;0.829;-0.004;0.44;-0.003;0.306;-0.001;52;320;0.838
CBD_V;d;L24;98;332;8.8;0.705;59;0.857;0.014;0.516;0.012;0.292;0.003;59;336;0.824
CBD_C;a;L25;97;314;9.5;0.691;57;0.844;0.008;0.496;0.006;0.307;0.002;57;316;0.82
CBD_C;b;L26;85;266;9.5;0.68;55;0.858;0.005;0.555;0.004;0.318;0.002;55;267;0.794
CBD_C;c;L27;93;272;9.8;0.658;47;0.796;0.013;0.402;0.011;0.338;0.004;47;275;0.829
CBD_C;d;L28;97;308;9.8;0.685;57;0.841;0;0.494;0;0.315;0;57;308;0.815
CBD_P;a;L29;112;330;9.8;0.661;52;0.784;0;0.364;0;0.339;0;52;330;0.842
CBD_P;b;L30;99;303;10;0.673;57;0.829;0.016;0.477;0.013;0.322;0.005;57;307;0.814
CBD_P;c;L31;132;347;10.2;0.62;75;0.79;0.011;0.449;0.009;0.377;0.003;75;350;0.786
CBD_P;d;L32;102;310;10.4;0.671;51;0.803;0.011;0.402;0.01;0.326;0.003;51;313;0.837
CBD_V;a;L33;93;298;9.3;0.688;54;0.84;0.004;0.488;0.003;0.311;0.001;54;299;0.819
CBD_V;b;L34;101;302;9.3;0.666;53;0.807;0;0.423;0;0.334;0;53;302;0.825
CBD_V;c;L35;84;276;9.3;0.696;52;0.857;0.013;0.531;0.011;0.301;0.003;52;279;0.814
CBD_V;d;L36;89;272;9.5;0.673;49;0.821;0.009;0.452;0.007;0.325;0.002;49;274;0.821
CBD_C;a;L37;39;112;9;0.652;16;0.76;-0.011;0.312;-0.009;0.351;-0.003;16;111;0.856
CBD_C;b;L38;41;109;9.3;0.624;27;0.829;0;0.546;0;0.376;0;27;109;0.752
CBD_C;c;L39;37;95;9.3;0.611;26;0.841;0.042;0.591;0.032;0.378;0.011;26;98;0.735
CBD_C;d;L40;42;118;9;0.644;20;0.776;-0.043;0.37;-0.034;0.368;-0.012;20;114;0.825
CBD_P;a;L41;42;113;10.4;0.628;22;0.78;-0.152;0.409;-0.115;0.42;-0.048;21;100;0.79
CBD_P;b;L42;42;107;10.4;0.607;19;0.739;0;0.334;0;0.393;0;19;107;0.822
CBD_P;c;L43;38;107;9.8;0.645;17;0.767;-0.011;0.343;-0.009;0.358;-0.003;17;106;0.84
CBD_P;d;L44;39;94;10;0.585;20;0.743;0;0.381;0;0.415;0;20;94;0.787
CBD_V;a;L45;52;164;9.2;0.683;28;0.824;-0.015;0.444;-0.012;0.321;-0.004;28;162;0.827
CBD_V;b;L46;43;128;9.2;0.664;25;0.825;-0.01;0.48;-0.008;0.339;-0.003;25;127;0.803
CBD_V;c;L47;36;98;9;0.633;21;0.805;0.025;0.47;0.02;0.36;0.007;21;100;0.79
CBD_V;d;L48;48;136;9;0.647;27;0.807;0;0.454;0;0.353;0;27;136;0.801
CBD_C;a;L49;108;348;8.8;0.69;59;0.83;0.003;0.453;0.003;0.309;0.001;59;349;0.831
CBD_C;b;L50;88;299;9;0.706;56;0.868;0.016;0.552;0.013;0.29;0.004;56;303;0.815
CBD_C;c;L51;93;291;9;0.68;53;0.832;0.029;0.474;0.024;0.312;0.008;53;298;0.822
CBD_C;d;L52;107;336;9;0.682;62;0.836;-0.004;0.484;-0.003;0.319;-0.001;62;335;0.815
CBD_P;a;L53;94;289;8.8;0.675;53;0.826;0.017;0.466;0.014;0.321;0.004;53;293;0.819
CBD_P;b;L54;108;327;8.8;0.67;56;0.808;0.022;0.419;0.018;0.324;0.006;56;333;0.832
CBD_P;c;L55;114;360;8.6;0.683;63;0.828;0;0.458;0;0.317;0;63;360;0.825
CBD_P;d;L56;89;288;8.8;0.691;53;0.847;0.008;0.504;0.007;0.307;0.002;53;290;0.817
CBD_V;a;L57;93;290;8.6;0.679;49;0.817;0;0.43;0;0.321;0;49;290;0.831
CBD_V;b;L58;102;329;8.6;0.69;56;0.832;0.004;0.457;0.003;0.309;0.001;56;330;0.83
CBD_V;c;L59;98;321;8.6;0.695;52;0.829;-0.004;0.44;-0.003;0.306;-0.001;52;320;0.838
CBD_V;d;L60;98;332;8.8;0.705;59;0.857;0.014;0.516;0.012;0.292;0.003;59;336;0.824
CBD_C;a;L61;97;314;9.5;0.691;57;0.844;0.008;0.496;0.006;0.307;0.002;57;316;0.82
CBD_C;b;L62;85;266;9.5;0.68;55;0.858;0.005;0.555;0.004;0.318;0.002;55;267;0.794
CBD_C;c;L63;93;272;9.8;0.658;47;0.796;0.013;0.402;0.011;0.338;0.004;47;275;0.829
CBD_C;d;L64;97;308;9.8;0.685;57;0.841;0;0.494;0;0.315;0;57;308;0.815
CBD_P;a;L65;112;330;9.8;0.661;52;0.784;0;0.364;0;0.339;0;52;330;0.842
CBD_P;b;L66;99;303;10;0.673;57;0.829;0.016;0.477;0.013;0.322;0.005;57;307;0.814
CBD_P;c;L67;132;347;10.2;0.62;75;0.79;0.011;0.449;0.009;0.377;0.003;75;350;0.786
CBD_P;d;L68;102;310;10.4;0.671;51;0.803;0.011;0.402;0.01;0.326;0.003;51;313;0.837
CBD_V;a;L69;93;298;9.3;0.688;54;0.84;0.004;0.488;0.003;0.311;0.001;54;299;0.819
CBD_V;b;L70;101;302;9.3;0.666;53;0.807;0;0.423;0;0.334;0;53;302;0.825
CBD_V;c;L71;84;276;9.3;0.696;52;0.857;0.013;0.531;0.011;0.301;0.003;52;279;0.814
CBD_V;d;L72;89;272;9.5;0.673;49;0.821;0.009;0.452;0.007;0.325;0.002;49;274;0.821
CBD_C;a;L73;106;276;19.6;0.616;61;0.791;0.018;0.455;0.014;0.379;0.005;61;280;0.782
CBD_C;b;L74;105;296;19.5;0.645;54;0.789;0.028;0.406;0.024;0.347;0.008;54;303;0.822
CBD_C;c;L75;121;280;18.8;0.568;61;0.726;0.031;0.366;0.025;0.422;0.01;10;80;0.5
CBD_C;d;L76;72;166;19;0.566;46;0.783;0.211;0.5;0.205;0.36;0.074;10;80;0.5
CBD_P;a;L77;120;315;19.6;0.619;65;0.78;0.049;0.423;0.044;0.365;0.016;66;329;0.799
CBD_P;b;L78;112;263;19.6;0.574;61;0.748;0.094;0.407;0.084;0.393;0.033;62;285;0.782
CBD_P;c;L79;120;284;19.3;0.577;61;0.735;0.03;0.374;0.025;0.412;0.011;10;80;0.5
CBD_P;d;L80;115;303;19.3;0.62;67;0.797;0.021;0.464;0.017;0.373;0.007;10;80;0.5
CBD_V;a;L81;96;271;19.8;0.646;56;0.814;0.04;0.475;0.033;0.343;0.011;56;280;0.8
CBD_V;b;L82;102;295;19.5;0.654;57;0.811;0.025;0.453;0.02;0.339;0.007;57;301;0.811
CBD_V;c;L83;63;155;19.1;0.594;40;0.8;0.057;0.508;0.045;0.389;0.017;10;80;0.5
CBD_V;d;L84;122;355;19.3;0.656;74;0.829;0.051;0.503;0.045;0.329;0.015;10;80;0.5
CBD_C;a;L85;96;251;13.8;0.618;53;0.783;0.053;0.432;0.044;0.366;0.016;53;262;0.798
CBD_C;b;L86;82;218;13.8;0.624;48;0.8;0.04;0.468;0.032;0.364;0.012;48;225;0.787
CBD_C;c;L87;88;223;17.2;0.605;52;0.789;0.06;0.466;0.054;0.374;0.021;53;235;0.774
CBD_C;d;L88;94;271;17.2;0.653;55;0.819;0.048;0.479;0.041;0.333;0.014;55;282;0.805
CBD_P;a;L89;82;244;14.3;0.664;48;0.827;0.044;0.484;0.037;0.324;0.012;48;253;0.81
CBD_P;b;L90;99;254;14.5;0.61;50;0.76;0.06;0.384;0.055;0.369;0.021;51;268;0.81
CBD_P;c;L91;79;252;17.4;0.687;48;0.848;0.038;0.515;0.032;0.304;0.009;48;260;0.815
CBD_V;d;L92;83;257;14.8;0.677;45;0.821;0.028;0.445;0.023;0.316;0.007;45;263;0.829
CBD_V;a;L93;97;278;15.2;0.651;51;0.797;0.022;0.419;0.018;0.343;0.006;51;283;0.82
CBD_V;b;L94;111;305;17.6;0.636;63;0.802;0.04;0.455;0.033;0.352;0.012;63;315;0.8
CBD_V;c;L95;103;235;17.8;0.562;53;0.725;0.037;0.373;0.03;0.426;0.012;53;242;0.781
CBD_C;d;L96;99;283;18.4;0.65;54;0.803;0.046;0.438;0.039;0.337;0.013;54;294;0.816
CBD_C;a;L97;105;284;18.3;0.63;62;0.806;0.043;0.476;0.039;0.356;0.014;63;295;0.786
CBD_C;b;L98;102;233;20.2;0.562;57;0.744;0.033;0.416;0.026;0.427;0.011;57;239;0.762
CBD_C;c;L99;92;204;20.2;0.549;56;0.757;0.02;0.461;0.015;0.444;0.007;56;207;0.729
CBD_P;d;L100;95;281;18.4;0.662;58;0.834;0.022;0.509;0.018;0.332;0.006;58;286;0.797
CBD_P;a;L101;104;304;18.6;0.658;56;0.806;0.027;0.434;0.023;0.334;0.008;56;311;0.82
CBD_P;b;L102;29;56;20;0.482;21;0.771;0.271;0.558;0.268;0.408;0.11;23;71;0.676
CBD_P;c;L103;100;256;20;0.609;53;0.768;0.051;0.407;0.043;0.375;0.016;53;267;0.801
CBD_V;d;L104;111;297;18.6;0.626;58;0.778;0.063;0.407;0.057;0.354;0.02;59;314;0.812
CBD_V;a;L105;101;286;18.6;0.647;56;0.804;0.05;0.446;0.042;0.339;0.014;56;298;0.812
CBD_V;b;L106;79;195;20.2;0.595;45;0.773;0.153;0.44;0.144;0.354;0.051;46;223;0.794
CBD_V;c;L107;91;244;20;0.627;43;0.761;-0.031;0.36;-0.025;0.382;-0.009;43;238;0.819
CBD_C;d;L108;86;235;15.2;0.634;49;0.801;0.046;0.456;0.038;0.352;0.014;49;244;0.799
CBD_C;a;L109;95;225;15.5;0.578;47;0.73;0.038;0.361;0.031;0.409;0.013;47;232;0.797
CBD_C;b;L110;95;199;15.5;0.523;53;0.712;0.039;0.397;0.03;0.463;0.014;53;205;0.741
CBD_C;c;L111;105;216;15.7;0.514;58;0.703;0.025;0.388;0.019;0.477;0.009;58;220;0.736
CBD_P;d;L112;86;231;15.7;0.628;47;0.788;0.037;0.431;0.03;0.361;0.011;47;238;0.803
CBD_P;a;L113;79;211;15.5;0.626;45;0.795;0.04;0.453;0.033;0.362;0.012;45;218;0.794
CBD_P;b;L114;91;220;15.5;0.586;46;0.741;0.044;0.375;0.036;0.399;0.015;46;228;0.798
CBD_P;c;L115;91;232;15.3;0.608;51;0.779;0.027;0.437;0.022;0.384;0.008;51;237;0.785
CBD_V;d;L116;92;251;15.5;0.633;51;0.795;0.034;0.441;0.028;0.357;0.01;51;258;0.802
CBD_V;a;L117;84;233;15.7;0.639;52;0.823;0.027;0.509;0.021;0.353;0.008;52;238;0.782
CBD_C;b;L118;82;221;17.1;0.629;49;0.808;0.05;0.483;0.041;0.357;0.014;49;230;0.787
CBD_C;c;L119;97;212;17.1;0.542;57;0.742;0.025;0.436;0.019;0.449;0.009;57;216;0.736
CBD_C;d;L120;85;255;17.9;0.667;44;0.806;0.028;0.417;0.024;0.326;0.007;44;261;0.831
CBD_C;a;L121;100;239;17.9;0.582;51;0.739;0.055;0.377;0.046;0.4;0.018;51;250;0.796
CBD_P;b;L122;89;192;17.2;0.536;48;0.715;0.053;0.386;0.042;0.445;0.019;48;200;0.76
CBD_P;c;L123;79;211;17.2;0.626;45;0.795;0.04;0.453;0.033;0.362;0.012;45;218;0.794
CBD_P;d;L124;83;204;17.8;0.593;50;0.786;0.049;0.473;0.044;0.39;0.017;51;213;0.761
CBD_P;a;L125;91;224;17.8;0.594;46;0.747;0.048;0.378;0.04;0.391;0.015;46;233;0.803
CBD_V;b;L126;81;217;17.4;0.627;47;0.8;0.066;0.464;0.06;0.352;0.021;48;230;0.791
CBD_V;c;L127;84;220;17.6;0.618;46;0.782;0.039;0.428;0.032;0.37;0.012;46;227;0.797
CBD_V;d;L128;91;230;17.8;0.604;51;0.777;0.032;0.435;0.026;0.386;0.01;51;236;0.784
CBD_V;a;L129;91;204;18.3;0.554;45;0.711;0.054;0.352;0.044;0.427;0.019;45;213;0.789
CBD_C;b;L130;27;204;17.9;0.868;49;1.142;-0.047;2.073;-0.034;0.137;-0.005;49;197;0.751
CBD_C;c;L131;82;205;17.9;0.6;48;0.783;0.037;0.458;0.029;0.389;0.011;48;211;0.773
CBD_C;d;L132;79;202;16.9;0.609;50;0.809;0.019;0.512;0.015;0.385;0.006;50;205;0.756
CBD_C;a;L133;78;179;16.9;0.564;44;0.748;0.049;0.422;0.039;0.419;0.017;44;186;0.763
CBD_P;b;L134;76;192;17.9;0.604;40;0.763;0.032;0.402;0.026;0.386;0.01;40;197;0.797
CBD_P;c;L135;75;169;17.8;0.556;37;0.712;0.043;0.351;0.036;0.429;0.015;37;175;0.789
CBD_P;d;L136;79;190;16.5;0.584;45;0.766;0.04;0.436;0.032;0.403;0.013;45;196;0.77
CBD_P;a;L137;100;232;16.5;0.569;54;0.742;0.027;0.401;0.022;0.422;0.009;54;237;0.772
CBD_V;b;L138;73;172;17.8;0.576;39;0.744;0.043;0.397;0.035;0.41;0.014;39;178;0.781
CBD_V;c;L139;74;185;17.9;0.6;43;0.782;0.047;0.454;0.038;0.385;0.015;43;192;0.776
CBD_V;d;L140;92;206;16.5;0.553;47;0.717;0.059;0.366;0.049;0.426;0.021;47;216;0.782
CBD_V;a;L141;95;235;16.7;0.596;51;0.761;0.021;0.409;0.017;0.397;0.007;51;239;0.787
CBD_C;b;L142;104;253;14.1;0.589;60;0.772;0.025;0.445;0.02;0.403;0.008;60;258;0.767
CBD_C;c;L143;86;219;14.1;0.607;56;0.816;0.024;0.531;0.018;0.386;0.007;56;223;0.749
CBD_C;d;L144;88;232;14.3;0.621;44;0.766;0.021;0.383;0.017;0.373;0.006;44;236;0.814
CBD_C;a;L145;94;256;14.5;0.633;49;0.783;0.024;0.408;0.02;0.36;0.007;49;261;0.812
CBD_P;b;L146;71;216;14.8;0.671;44;0.843;0.011;0.522;0.009;0.326;0.003;44;218;0.798
CBD_P;c;L147;93;261;14.7;0.644;47;0.785;0.014;0.397;0.011;0.352;0.004;47;264;0.822
CBD_P;d;L148;82;238;14.8;0.655;44;0.804;0.03;0.431;0.025;0.336;0.009;44;244;0.82
CBD_P;a;L149;99;272;14.8;0.636;46;0.765;0.009;0.355;0.007;0.361;0.003;46;274;0.832
CBD_V;b;L150;86;235;14.7;0.634;42;0.772;0;0.377;0;0.366;0;42;235;0.821
CBD_V;c;L151;87;243;14.7;0.642;44;0.784;0.01;0.397;0.008;0.355;0.003;44;245;0.82
CBD_V;d;L152;82;236;14.7;0.653;42;0.794;0.015;0.407;0.013;0.343;0.004;42;239;0.824
CBD_V;a;L153;84;236;15;0.644;42;0.784;0;0.392;0;0.356;0;42;236;0.822
CBD_C;b;L154;67;189;15.3;0.646;35;0.792;0.061;0.414;0.053;0.337;0.017;35;199;0.824
CBD_C;c;L155;76;212;15.3;0.642;35;0.768;0.006;0.354;0.005;0.357;0.001;35;213;0.836
CBD_C;d;L156;70;194;15.7;0.639;39;0.8;0.013;0.446;0.01;0.357;0.004;39;196;0.801
CBD_C;a;L157;75;201;15.7;0.627;31;0.741;-0.069;0.306;-0.055;0.395;-0.022;31;190;0.837
CBD_P;b;L158;79;209;15;0.622;47;0.802;0.012;0.477;0.01;0.374;0.004;47;211;0.777
CBD_P;c;L159;77;222;15;0.653;40;0.797;0.016;0.414;0.014;0.342;0.005;40;225;0.822
CBD_P;d;L160;83;251;15.2;0.669;16;0.715;0.021;0.138;0.02;0.324;0.007;16;256;0.938
CBD_P;a;L161;76;236;15.3;0.678;44;0.833;0.015;0.482;0.013;0.318;0.004;44;239;0.816
CBD_V;b;L162;82;229;15.3;0.642;47;0.808;0.022;0.463;0.017;0.352;0.006;47;233;0.798
CBD_V;c;L163;76;223;15.2;0.659;34;0.778;0;0.348;0;0.341;0;34;223;0.848
CBD_V;d;L164;78;237;15.5;0.671;47;0.837;0.04;0.504;0.034;0.318;0.011;47;245;0.808
CBD_V;a;L165;73;200;15.5;0.635;28;0.738;0.034;0.283;0.03;0.354;0.011;28;206;0.864
CBD_C;b;L166;73;215;15.7;0.66;42;0.821;0.049;0.472;0.042;0.326;0.014;42;224;0.813
CBD_C;c;L167;77;213;15.9;0.638;40;0.786;0.011;0.408;0.009;0.358;0.004;40;215;0.814
CBD_C;d;L168;86;221;15.9;0.611;39;0.742;0.032;0.336;0.027;0.379;0.01;39;227;0.828
CBD_C;a;L169;76;214;15.9;0.645;29;0.746;0.026;0.285;0.023;0.347;0.008;29;219;0.868
CBD_P;b;L170;74;227;15.9;0.674;39;0.814;0.011;0.429;0.009;0.323;0.003;39;229;0.83
CBD_P;c;L171;67;202;15.9;0.668;35;0.808;0.018;0.422;0.015;0.327;0.005;35;205;0.829
CBD_P;d;L172;74;222;16.2;0.667;33;0.783;0.021;0.349;0.018;0.327;0.006;33;226;0.854
CBD_P;a;L173;74;220;16.2;0.664;39;0.807;0.042;0.425;0.036;0.325;0.011;39;228;0.829
CBD_V;b;L174;61;158;15.7;0.614;38;0.808;0.008;0.503;0.006;0.384;0.002;38;159;0.761
CBD_V;c;L175;74;231;15.7;0.68;35;0.801;0.01;0.379;0.009;0.318;0.002;35;233;0.85
CBD_V;d;L176;86;249;15.9;0.655;43;0.791;0.019;0.396;0.016;0.34;0.005;43;253;0.83
CBD_V;a;L177;83;249;15.7;0.667;40;0.794;0.014;0.383;0.012;0.329;0.004;40;252;0.841
CBD_C;b;L178;71;153;16.5;0.536;33;0.683;0.055;0.317;0.046;0.444;0.02;33;160;0.794
CBD_C;c;L179;79;161;16.5;0.509;38;0.667;0.031;0.321;0.025;0.479;0.012;38;165;0.77
CBD_C;d;L180;59;158;17.1;0.627;37;0.818;0.047;0.513;0.038;0.36;0.013;37;164;0.774
CBD_C;a;L181;62;159;17.1;0.61;37;0.795;0.047;0.474;0.038;0.376;0.014;37;165;0.776
CBD_P;b;L182;72;112;16.7;0.357;34;0.513;0.049;0.242;0.036;0.621;0.022;34;116;0.707
CBD_P;c;L183;79;144;16.7;0.451;37;0.607;0.018;0.284;0.014;0.541;0.008;37;146;0.747
CBD_P;d;L184;65;142;16.9;0.542;33;0.706;0.035;0.358;0.028;0.445;0.013;33;146;0.774
CBD_P;a;L185;68;133;16.9;0.489;36;0.67;0.03;0.355;0.023;0.5;0.011;36;136;0.735
CBD_V;b;L186;50;137;16.9;0.635;32;0.829;0.054;0.531;0.044;0.35;0.015;32;143;0.776
CBD_V;c;L187;67;175;16.9;0.617;23;0.711;0.056;0.244;0.051;0.364;0.019;23;184;0.875
CBD_V;d;L188;69;150;17.1;0.54;31;0.681;0;0.306;0;0.46;0;31;150;0.793
CBD_V;a;L189;77;145;17.2;0.469;38;0.636;0.018;0.314;0.014;0.524;0.007;38;147;0.741
CBD_C;b;L190;61;140;14.5;0.564;32;0.731;0.027;0.383;0.021;0.427;0.009;32;143;0.776
CBD_C;c;L191;63;137;14.8;0.54;36;0.733;-0.01;0.419;-0.007;0.463;-0.003;36;136;0.735
CBD_C;d;L192;67;144;15.3;0.535;39;0.733;0.045;0.427;0.035;0.45;0.015;39;149;0.738
CBD_C;a;L193;75;139;15.3;0.46;37;0.627;0.029;0.309;0.022;0.528;0.012;37;142;0.739
CBD_P;b;L194;63;139;14.8;0.547;35;0.731;0.046;0.406;0.036;0.438;0.015;35;144;0.757
CBD_P;c;L195;74;147;15.2;0.497;38;0.67;0.027;0.344;0.02;0.493;0.01;38;150;0.747
CBD_P;d;L196;76;155;15.7;0.51;41;0.693;0.017;0.374;0.013;0.484;0.006;41;157;0.739
CBD_P;a;L197;76;131;15.9;0.42;41;0.611;0;0.33;0;0.58;0;41;131;0.687
CBD_V;b;L198;70;187;15.2;0.626;39;0.791;0.039;0.441;0.032;0.363;0.011;39;193;0.798
CBD_V;c;L199;83;180;15.3;0.539;43;0.708;0.035;0.367;0.028;0.449;0.012;43;185;0.768
CBD_V;d;L200;77;158;16;0.513;38;0.675;0.016;0.333;0.013;0.481;0.006;38;160;0.763
CBD_V;a;L201;78;145;15.9;0.462;35;0.609;0.027;0.273;0.021;0.527;0.011;35;148;0.764
CBD_C;b;L202;66;131;16;0.496;33;0.663;0.03;0.332;0.023;0.493;0.011;33;134;0.754
CBD_C;c;L203;68;129;16.4;0.473;33;0.635;0.01;0.308;0.008;0.523;0.004;33;130;0.746
CBD_C;d;L204;78;156;17.4;0.5;40;0.672;-0.027;0.345;-0.019;0.51;-0.01;40;153;0.739
CBD_C;a;L205;82;154;17.4;0.468;41;0.637;0.009;0.319;0.006;0.529;0.003;41;155;0.735
CBD_P;b;L206;57;135;16.4;0.578;32;0.757;0.037;0.425;0.03;0.41;0.012;32;139;0.77
CBD_P;c;L207;74;151;16.4;0.51;35;0.664;0.033;0.314;0.026;0.477;0.013;35;155;0.774
CBD_P;d;L208;72;154;17.6;0.532;40;0.719;0.026;0.399;0.019;0.459;0.009;40;157;0.745
CBD_P;a;L209;71;144;17.6;0.507;40;0.702;0.055;0.395;0.042;0.473;0.02;40;150;0.733
CBD_V;b;L210;66;131;16.5;0.496;31;0.65;0;0.305;0;0.504;0;31;131;0.763
CBD_V;c;L211;70;134;16.5;0.478;35;0.646;0.01;0.323;0.007;0.519;0.003;35;135;0.741
CBD_V;d;L212;68;138;17.6;0.507;38;0.7;0.038;0.391;0.029;0.479;0.014;38;142;0.732
CBD_V;a;L213;65;131;17.9;0.504;32;0.667;0.02;0.328;0.015;0.489;0.007;32;133;0.759
CBD_C;b;L214;50;142;16.5;0.648;33;0.844;0.009;0.557;0.007;0.35;0.002;33;143;0.769
CBD_C;c;L215;53;139;16.5;0.619;32;0.804;0.018;0.485;0.014;0.376;0.005;32;141;0.773
CBD_C;d;L216;36;91;16.5;0.604;22;0.797;0.042;0.487;0.033;0.383;0.013;22;94;0.766
CBD_C;a;L217;51;132;16.5;0.614;30;0.794;0;0.467;0;0.386;0;30;132;0.773
CBD_P;b;L218;54;126;16.4;0.571;27;0.727;0.02;0.364;0.016;0.422;0.007;27;128;0.789
CBD_P;c;L219;56;140;16.4;0.6;31;0.771;0.009;0.427;0.007;0.397;0.003;31;141;0.78
CBD_P;d;L220;53;138;16.4;0.616;28;0.773;0.009;0.408;0.007;0.381;0.003;28;139;0.799
CBD_P;a;L221;53;130;16.4;0.592;30;0.77;0.029;0.436;0.023;0.398;0.01;30;133;0.774
CBD_V;b;L222;57;140;16.2;0.593;29;0.748;0;0.381;0;0.407;0;29;140;0.793
CBD_V;c;L223;55;147;15.7;0.626;34;0.814;0.017;0.503;0.014;0.369;0.005;34;149;0.772
CBD_V;d;L224;59;158;16.2;0.627;31;0.78;0.016;0.41;0.013;0.369;0.004;31;160;0.806
CBD_V;a;L225;62;167;16.2;0.629;34;0.789;0.015;0.433;0.012;0.367;0.004;34;169;0.799
CBD_C;b;L226;59;152;15.3;0.612;29;0.756;0;0.372;0;0.388;0;29;152;0.809
CBD_C;c;L227;56;135;15.5;0.585;31;0.76;0.019;0.421;0.015;0.409;0.006;31;137;0.774
CBD_C;d;L228;68;174;15.5;0.609;36;0.768;0.014;0.407;0.011;0.386;0.005;36;176;0.795
CBD_C;a;L229;62;156;15.5;0.603;31;0.752;0;0.376;0;0.397;0;31;156;0.801
CBD_P;b;L230;50;132;15.7;0.621;29;0.796;0.019;0.462;0.015;0.373;0.006;29;134;0.784
CBD_P;c;L231;46;108;15.9;0.574;29;0.785;0.025;0.495;0.019;0.418;0.008;29;110;0.736
CBD_P;d;L232;55;148;15.9;0.628;32;0.802;0.017;0.467;0.014;0.367;0.005;32;150;0.787
CBD_P;a;L233;62;154;15.5;0.597;33;0.76;0.008;0.405;0.006;0.4;0.003;33;155;0.787
CBD_V;b;L234;52;145;15.7;0.641;35;0.845;0.027;0.569;0.021;0.351;0.008;35;148;0.764
CBD_V;c;L235;52;140;15.5;0.629;33;0.822;0.018;0.522;0.014;0.366;0.005;33;142;0.768
CBD_V;d;L236;57;148;15.5;0.615;30;0.771;0.017;0.406;0.014;0.38;0.005;30;150;0.8
CBD_V;a;L237;49;142;15.3;0.655;24;0.788;0.017;0.386;0.014;0.34;0.005;24;144;0.833
CBD_C;b;L238;51;144;15.2;0.646;32;0.83;0.009;0.521;0.007;0.352;0.002;32;145;0.779
CBD_C;c;L239;48;123;15;0.61;29;0.798;0.031;0.482;0.024;0.381;0.009;29;126;0.77
CBD_C;d;L240;58;163;15.2;0.644;32;0.802;0.015;0.442;0.012;0.352;0.004;32;165;0.806
CBD_C;a;L241;43;111;14.8;0.613;23;0.773;0.033;0.413;0.027;0.377;0.01;23;114;0.798
CBD_P;b;L242;56;145;14.8;0.614;32;0.788;0.026;0.45;0.021;0.378;0.008;32;148;0.784
CBD_P;c;L243;40;97;15;0.588;25;0.792;0.294;0.495;0.33;0.31;0.102;27;129;0.791
CBD_P;d;L244;40;110;15;0.636;39;0.986;0.014;0.961;0.009;0.36;0.004;39;111;0.649
CBD_P;a;L245;38;103;14.8;0.631;25;0.833;0.133;0.548;0.126;0.328;0.041;26;116;0.776
CBD_V;b;L246;61;157;15.2;0.611;33;0.774;0.016;0.419;0.013;0.384;0.005;33;159;0.792
CBD_V;c;L247;52;150;15.2;0.653;33;0.838;0.008;0.532;0.007;0.344;0.003;33;151;0.781
CBD_V;d;L248;45;137;15.2;0.672;29;0.852;0.018;0.549;0.015;0.324;0.004;29;139;0.791
CBD_V;a;L249;55;154;15.3;0.643;31;0.805;0.024;0.454;0.019;0.35;0.007;31;157;0.803
CBD_C;b;L250;47;117;13.1;0.598;26;0.769;0.011;0.425;0.009;0.398;0.004;26;118;0.78
CBD_C;c;L251;49;131;13.1;0.626;30;0.812;0;0.497;0;0.374;0;30;131;0.771
CBD_C;d;L252;52;141;14.1;0.631;31;0.809;0.035;0.482;0.028;0.359;0.01;31;145;0.786
CBD_C;a;L253;48;136;14.1;0.647;34;0.863;0.029;0.611;0.022;0.345;0.008;34;139;0.755
CBD_P;b;L254;61;152;12.8;0.599;37;0.791;0.034;0.48;0.026;0.391;0.01;37;156;0.763
CBD_P;c;L255;54;129;12.9;0.581;36;0.806;0.041;0.537;0.031;0.406;0.013;36;133;0.729
CBD_P;d;L256;51;119;14.3;0.571;32;0.782;0.044;0.491;0.034;0.415;0.014;32;123;0.74
CBD_P;a;L257;52;131;14.1;0.603;36;0.832;0.05;0.576;0.038;0.382;0.015;36;136;0.735
CBD_V;b;L258;49;128;13.3;0.617;30;0.806;0.039;0.493;0.031;0.371;0.012;30;132;0.773
CBD_V;c;L259;49;138;13.5;0.645;31;0.832;0.045;0.526;0.036;0.343;0.012;31;143;0.783
CBD_V;d;L260;45;123;14.1;0.634;29;0.83;0.041;0.535;0.033;0.354;0.012;29;127;0.772
CBD_V;a;L261;44;110;14.1;0.6;26;0.786;0.012;0.464;0.009;0.396;0.004;26;111;0.766
CBD_C;b;L262;40;106;15.2;0.623;30;0.868;0.026;0.651;0.019;0.37;0.007;30;108;0.722
CBD_C;c;L263;44;118;15.5;0.627;31;0.851;0.022;0.6;0.017;0.367;0.006;31;120;0.742
CBD_C;d;L264;45;109;15.5;0.587;25;0.762;0.023;0.423;0.018;0.405;0.008;25;111;0.775
CBD_C;a;L265;43;91;15.2;0.527;28;0.762;0.045;0.496;0.033;0.457;0.016;28;94;0.702
CBD_P;b;L266;56;126;15.5;0.556;35;0.769;0;0.481;0;0.444;0;35;126;0.722
CBD_P;c;L267;54;125;15;0.568;32;0.763;0.061;0.452;0.048;0.412;0.02;32;131;0.756
CBD_P;d;L268;42;86;15.7;0.512;27;0.746;0.033;0.48;0.023;0.477;0.011;27;88;0.693
CBD_P;a;L269;46;105;15.7;0.562;30;0.787;0.038;0.513;0.029;0.426;0.012;30;108;0.722
CBD_V;b;L270;47;126;15.5;0.627;32;0.84;0.051;0.572;0.04;0.359;0.014;32;131;0.756
CBD_V;c;L271;35;94;15.3;0.628;27;0.881;0.029;0.68;0.021;0.365;0.007;27;96;0.719
CBD_V;d;L272;51;108;15.9;0.528;32;0.75;0;0.471;0;0.472;0;32;108;0.704
CBD_V;a;L273;39;104;15.9;0.625;28;0.855;0.038;0.614;0.029;0.364;0.011;28;107;0.738
CBD_C;b;L274;44;109;14.5;0.596;28;0.802;0.024;0.51;0.018;0.396;0.008;28;111;0.748
CBD_C;c;L275;52;127;14.8;0.591;32;0.789;0.01;0.486;0.008;0.406;0.003;32;128;0.75
CBD_C;d;L276;34;82;16.2;0.585;23;0.814;0.017;0.551;0.012;0.41;0.005;23;83;0.723
CBD_C;a;L277;37;94;16.5;0.606;24;0.814;0;0.528;0;0.394;0;24;94;0.745
CBD_P;b;L278;63;86;15;0.267;54;0.719;0;0.616;0;0.733;0;54;86;0.372
CBD_P;c;L279;47;117;15;0.598;31;0.814;0.023;0.537;0.017;0.395;0.007;31;119;0.739
CBD_P;d;L280;47;102;16.7;0.539;29;0.753;0.027;0.465;0.02;0.452;0.009;29;104;0.721
CBD_P;a;L281;42;99;16.5;0.576;25;0.77;0.039;0.458;0.03;0.412;0.012;25;102;0.755
CBD_V;b;L282;49;97;15;0.495;31;0.727;0.015;0.46;0.01;0.5;0.005;31;98;0.684
CBD_V;c;L283;43;106;15;0.594;29;0.818;0.025;0.552;0.019;0.398;0.008;29;108;0.731
CBD_V;d;L284;51;109;16.5;0.532;29;0.725;0.012;0.412;0.009;0.464;0.004;29;110;0.736
CBD_V;a;L285;41;108;16.7;0.62;29;0.848;0.025;0.6;0.019;0.373;0.007;29;110;0.736
CBD_C;b;L286;39;96;16;0.594;26;0.814;-0.014;0.543;-0.01;0.411;-0.005;26;95;0.726
CBD_C;c;L287;42;103;16.2;0.592;25;0.782;0;0.465;0;0.408;0;25;103;0.757
CBD_C;d;L288;44;102;16;0.569;24;0.744;-0.013;0.406;-0.01;0.436;-0.005;24;101;0.762
CBD_C;a;L289;41;114;15.9;0.64;32;0.89;0.035;0.695;0.026;0.35;0.01;32;117;0.726
CBD_P;b;L290;36;101;15.9;0.644;26;0.867;0.026;0.626;0.02;0.35;0.006;26;103;0.748
CBD_P;c;L291;41;104;15.7;0.606;25;0.797;0.012;0.486;0.01;0.39;0.004;25;105;0.762
CBD_P;d;L292;41;108;15.9;0.62;23;0.788;0.012;0.442;0.009;0.376;0.004;23;109;0.789
CBD_P;a;L293;39;93;15.5;0.581;25;0.794;0.029;0.509;0.022;0.411;0.008;25;95;0.737
CBD_V;b;L294;45;109;15.2;0.587;26;0.771;0;0.445;0;0.413;0;26;109;0.761
CBD_V;c;L295;37;98;15.2;0.622;27;0.859;0.014;0.627;0.01;0.374;0.004;27;99;0.727
CBD_V;d;L296;40;103;15;0.612;22;0.778;0.012;0.428;0.01;0.385;0.003;22;104;0.788
CBD_V;a;L297;37;101;15.3;0.634;22;0.81;0.025;0.482;0.02;0.359;0.007;22;103;0.786
CBD_C;b;L298;42;105;15.5;0.6;25;0.788;0.059;0.469;0.048;0.382;0.018;25;110;0.773
CBD_C;c;L299;36;93;15.3;0.613;22;0.803;0;0.491;0;0.387;0;22;93;0.763
CBD_C;d;L300;41;97;15.3;0.577;28;0.812;0.014;0.555;0.01;0.418;0.005;28;98;0.714
CBD_C;a;L301;42;106;15.5;0.604;24;0.78;0.012;0.446;0.009;0.393;0.003;24;107;0.776
CBD_P;b;L302;36;94;15.2;0.617;17;0.753;0.013;0.356;0.011;0.379;0.004;17;95;0.821
CBD_P;c;L303;31;70;15.5;0.557;19;0.765;0;0.469;0;0.443;0;19;70;0.729
CBD_P;d;L304;39;94;15.5;0.585;25;0.797;0.014;0.511;0.011;0.411;0.004;25;95;0.737
CBD_P;a;L305;39;97;15.2;0.598;24;0.795;0.014;0.489;0.01;0.398;0.004;24;98;0.755
CBD_V;b;L306;40;108;15.5;0.63;23;0.8;0.012;0.46;0.009;0.367;0.003;23;109;0.789
CBD_V;c;L307;45;116;15.3;0.612;29;0.816;0;0.526;0;0.388;0;29;116;0.75
CBD_V;d;L308;40;100;15.2;0.6;21;0.759;0.025;0.398;0.02;0.392;0.008;21;102;0.794
CBD_V;a;L309;37;106;15.5;0.651;25;0.852;0.024;0.576;0.019;0.343;0.006;25;108;0.769
CBD_C;b;L310;37;96;15.5;0.615;22;0.797;0.026;0.474;0.021;0.378;0.007;22;98;0.776
CBD_C;c;L311;43;125;15.5;0.656;26;0.828;0.029;0.501;0.024;0.336;0.008;26;128;0.797
CBD_C;d;L312;42;113;15.5;0.628;18;0.747;0.021;0.32;0.018;0.365;0.007;18;115;0.843
CBD_C;a;L313;45;114;15.2;0.605;13;0.683;0.01;0.197;0.009;0.391;0.004;13;115;0.887
CBD_P;b;L314;34;81;15.5;0.58;18;0.746;0.113;0.395;0.099;0.382;0.038;18;89;0.798
CBD_P;c;L315;33;78;15.3;0.577;17;0.738;0.076;0.38;0.064;0.398;0.025;17;83;0.795
CBD_P;d;L316;34;81;15.5;0.58;18;0.746;0.031;0.395;0.025;0.41;0.01;18;83;0.783
CBD_P;a;L317;37;90;15.5;0.589;17;0.726;0.039;0.334;0.033;0.398;0.013;17;93;0.817
CBD_V;b;L318;36;94;15.5;0.617;21;0.795;0.014;0.464;0.011;0.379;0.004;21;95;0.779
CBD_V;c;L319;36;96;15.3;0.625;22;0.811;0;0.496;0;0.375;0;22;96;0.771
CBD_V;d;L320;43;107;15.5;0.598;27;0.8;0.024;0.502;0.019;0.394;0.008;27;109;0.752
CBD_V;a;L321;40;108;15.5;0.63;23;0.8;0.023;0.46;0.019;0.364;0.006;23;110;0.791
CBD_C;b;L322;52;125;13.3;0.584;31;0.777;0.011;0.463;0.008;0.413;0.003;31;126;0.754
CBD_C;c;L323;49;141;13.3;0.652;29;0.821;0.018;0.486;0.014;0.343;0.005;29;143;0.797
CBD_C;d;L324;45;112;13.3;0.598;25;0.77;0.033;0.428;0.027;0.391;0.011;25;115;0.783
CBD_C;a;L325;44;116;13.3;0.621;25;0.791;0.032;0.449;0.026;0.37;0.009;25;119;0.79
CBD_P;b;L326;140;358;14.5;0.609;81;0.787;0.011;0.455;0.008;0.388;0.003;81;361;0.776
CBD_P;c;L327;121;288;14.8;0.58;88;0.835;0.02;0.607;0.014;0.414;0.006;88;292;0.699
CBD_P;d;L328;198;516;14.8;0.616;119;0.801;0.032;0.481;0.027;0.374;0.01;120;530;0.774
CBD_P;a;L329;147;429;14.3;0.657;99;0.855;0.076;0.576;0.065;0.322;0.021;100;457;0.781
CBD_V;b;L330;48;134;13.8;0.642;24;0.782;0.018;0.391;0.015;0.353;0.005;24;136;0.824
CBD_V;c;L331;57;156;13.5;0.635;28;0.773;0.023;0.38;0.019;0.358;0.007;28;159;0.824
CBD_V;d;L332;49;129;14.1;0.62;24;0.762;0.019;0.373;0.016;0.374;0.006;24;131;0.817
CBD_V;a;L333;49;139;13.8;0.647;25;0.789;0.017;0.403;0.014;0.348;0.005;25;141;0.823
CBD_C;b;L334;142;391;15;0.637;95;0.841;0.01;0.563;0.008;0.36;0.003;95;394;0.759
CBD_C;c;L335;139;369;15;0.623;76;0.785;0.067;0.429;0.06;0.355;0.022;77;391;0.803
CBD_C;d;L336;142;401;15;0.646;81;0.809;0.093;0.461;0.085;0.326;0.028;82;435;0.811
CBD_C;a;L337;168;447;15.2;0.624;103;0.811;0.02;0.497;0.016;0.37;0.006;103;454;0.773
CBD_P;b;L338;46;122;14.1;0.623;21;0.752;0.029;0.343;0.025;0.368;0.009;21;125;0.832
CBD_P;c;L339;43;110;13.8;0.609;22;0.761;0.022;0.389;0.018;0.384;0.007;22;112;0.804
CBD_P;d;L340;51;131;14.3;0.611;23;0.741;0;0.334;0;0.389;0;23;131;0.824
CBD_P;a;L341;55;149;13.8;0.631;19;0.723;0.023;0.25;0.02;0.362;0.007;19;152;0.875
CBD_V;b;L342;55;152;14.7;0.638;28;0.782;0.016;0.398;0.013;0.357;0.005;28;154;0.818
CBD_V;c;L343;54;148;14.8;0.635;22;0.746;0.016;0.304;0.014;0.36;0.005;22;150;0.853
CBD_V;d;L344;47;137;14.5;0.657;28;0.826;0.009;0.492;0.007;0.341;0.002;28;138;0.797
CBD_V;a;L345;48;131;15;0.634;21;0.755;0.009;0.33;0.008;0.364;0.002;21;132;0.841
CBD_C;b;L346;58;136;15.2;0.574;36;0.78;0.029;0.484;0.022;0.417;0.009;36;139;0.741
CBD_C;c;L347;49;126;15.7;0.611;35;0.846;0.022;0.604;0.016;0.383;0.006;35;128;0.727
CBD_C;d;L348;44;114;15.9;0.614;27;0.805;0.044;0.494;0.035;0.373;0.013;27;118;0.771
CBD_C;a;L349;54;124;15.9;0.565;33;0.769;0.011;0.47;0.008;0.432;0.003;33;125;0.736
CBD_P;b;L350;142;393;15.5;0.639;90;0.828;0.026;0.525;0.02;0.354;0.007;90;401;0.776
CBD_P;c;L351;155;418;15.3;0.629;95;0.814;0.027;0.499;0.022;0.363;0.008;95;427;0.778
CBD_P;d;L352;120;328;15.5;0.634;70;0.806;0.004;0.47;0.003;0.365;0.001;70;329;0.787
CBD_P;a;L353;130;370;15.9;0.649;79;0.825;0.007;0.501;0.005;0.349;0.002;79;372;0.788
CBD_V;b;L354;47;118;15.2;0.602;27;0.78;0.042;0.448;0.034;0.385;0.013;27;122;0.779
CBD_V;c;L355;46;129;15.5;0.643;29;0.83;0.02;0.523;0.016;0.351;0.006;29;131;0.779
CBD_V;d;L356;48;132;15;0.636;27;0.8;0.009;0.45;0.008;0.361;0.003;27;133;0.797
CBD_V;a;L357;50;134;15.5;0.627;25;0.771;0.018;0.386;0.015;0.368;0.005;25;136;0.816
CBD_C;b;L358;56;162;13.1;0.654;27;0.785;0.029;0.378;0.025;0.337;0.009;27;166;0.837
CBD_C;c;L359;58;156;13.1;0.628;31;0.784;0.016;0.419;0.013;0.367;0.005;31;158;0.804
CBD_C;d;L360;48;127;12.8;0.622;27;0.79;0.048;0.444;0.039;0.364;0.014;27;132;0.795
CBD_C;a;L361;51;150;12.8;0.66;28;0.811;0;0.445;0;0.34;0;28;150;0.813
CBD_P;b;L362;128;317;14.8;0.596;74;0.778;0.028;0.45;0.022;0.395;0.009;74;324;0.772
CBD_P;c;L363;160;425;14.3;0.624;79;0.766;0.017;0.378;0.014;0.371;0.005;79;431;0.817
CBD_P;d;L364;164;438;14.1;0.626;85;0.776;0.025;0.402;0.021;0.367;0.007;85;447;0.81
CBD_P;a;L365;152;420;14.5;0.638;81;0.791;0.009;0.422;0.007;0.359;0.003;81;423;0.809
CBD_V;b;L366;39;135;13.6;0.711;24;0.865;0.009;0.532;0.007;0.287;0.002;24;136;0.824
CBD_V;c;L367;43;133;13.6;0.677;21;0.804;0.009;0.393;0.008;0.321;0.002;21;134;0.843
CBD_V;d;L368;44;128;13.6;0.656;26;0.824;0.019;0.487;0.016;0.338;0.006;26;130;0.8
CBD_V;a;L369;49;134;13.8;0.634;23;0.766;0.018;0.36;0.015;0.36;0.006;23;136;0.831
CBD_C;b;L370;140;360;15;0.611;70;0.759;0.02;0.38;0.017;0.383;0.006;70;366;0.809
CBD_C;c;L371;177;520;15;0.66;77;0.774;0.02;0.337;0.017;0.335;0.005;77;529;0.854
CBD_C;d;L372;182;464;14.8;0.608;82;0.738;0.05;0.333;0.045;0.375;0.017;83;485;0.829
CBD_C;a;L373;169;509;14.8;0.668;76;0.785;0.036;0.353;0.031;0.322;0.01;76;525;0.855
CBD_P;b;L374;45;125;14.5;0.64;24;0.792;0.047;0.422;0.04;0.346;0.014;24;130;0.815
CBD_P;c;L375;38;107;14;0.645;26;0.852;0.024;0.583;0.019;0.349;0.006;26;109;0.761
CBD_P;d;L376;47;121;14.5;0.612;26;0.779;0.01;0.431;0.008;0.385;0.003;26;122;0.787
CBD_P;a;L377;54;145;14.5;0.628;32;0.805;0;0.477;0;0.372;0;32;145;0.779
CBD_V;b;L378;51;159;15;0.679;26;0.812;0.007;0.414;0.006;0.319;0.002;26;160;0.838
CBD_V;c;L379;48;143;15;0.664;27;0.819;0.079;0.461;0.07;0.314;0.022;27;153;0.824
CBD_V;d;L380;47;126;14.8;0.627;23;0.767;0.046;0.375;0.04;0.359;0.014;23;131;0.824
CBD_V;a;L381;48;141;14.8;0.66;27;0.816;0.017;0.459;0.014;0.336;0.004;27;143;0.811
CBD_C;b;L382;51;139;15.2;0.633;26;0.779;0.034;0.397;0.029;0.357;0.01;26;143;0.818
CBD_C;c;L383;50;127;15.5;0.606;23;0.74;0.01;0.34;0.008;0.391;0.003;23;128;0.82
CBD_C;d;L384;45;140;15.5;0.679;26;0.833;0.009;0.481;0.007;0.319;0.002;26;141;0.816
CBD_C;a;L385;49;138;15.5;0.645;24;0.781;0.026;0.383;0.022;0.348;0.007;24;141;0.83
CBD_P;b;L386;187;506;15.5;0.63;96;0.778;0.021;0.399;0.018;0.363;0.007;96;515;0.814
CBD_P;c;L387;180;488;15.5;0.631;89;0.772;0.022;0.382;0.018;0.362;0.007;89;497;0.821
CBD_P;d;L388;194;561;15.3;0.654;107;0.808;0.03;0.446;0.025;0.337;0.009;107;575;0.814
CBD_P;a;L389;197;522;15.5;0.623;93;0.758;0.023;0.358;0.019;0.37;0.007;93;532;0.825
CBD_V;b;L390;57;159;15.2;0.642;30;0.791;0.023;0.416;0.019;0.352;0.006;30;162;0.815
CBD_V;c;L391;48;130;15.2;0.631;23;0.766;0.018;0.367;0.015;0.364;0.005;23;132;0.826
CBD_V;d;L392;55;152;15.2;0.638;27;0.776;0.023;0.381;0.02;0.355;0.007;27;155;0.826
CBD_V;a;L393;49;142;15.2;0.655;23;0.782;0.025;0.367;0.021;0.338;0.007;23;145;0.841
